{"train/loss_rpn_cls": 0.12157209185572962, "train/loss_rpn_bbox": 0.03977252905645097, "train/loss_semantic_seg": 4.084062641163667, "train/s0.loss_cls": 2.7577390055855115, "train/s0.acc": 60.681315104166664, "train/s0.loss_bbox": 0.28177745528519155, "train/s0.loss_mask": 1.194976073304812, "train/s1.loss_cls": 0.6404947706311941, "train/s1.acc": 78.46549479166667, "train/s1.loss_bbox": 0.12067467501387, "train/s1.loss_mask": 0.4823160512248675, "train/s2.loss_cls": 0.4474268819267551, "train/s2.acc": 75.48258463541667, "train/s2.loss_bbox": 0.024653469591091076, "train/s2.loss_mask": 0.26602647642294563, "train/loss": 10.461492121219635, "learning_rate": 9.975670000000003e-06, "momentum": 0.9, "_runtime": 324, "_timestamp": 1621349377, "_step": 300}