{"train/loss_rpn_cls": 0.12551464158731201, "train/loss_rpn_bbox": 0.03945002266943144, "train/s0.loss_cls": 1.011007681687673, "train/s0.acc": 81.02701822916667, "train/s0.loss_bbox": 0.47464461900293825, "train/s0.loss_mask": 1.1843597551683585, "train/s1.loss_cls": 0.5294781520093481, "train/s1.acc": 73.19889322916667, "train/s1.loss_bbox": 0.09202552459435537, "train/s1.loss_mask": 0.6187393681208293, "train/s2.loss_cls": 0.22453046154541273, "train/s2.acc": 86.23046875, "train/s2.loss_bbox": 0.01255350012012059, "train/s2.loss_mask": 0.24936306702593963, "train/loss": 4.561666788260142, "learning_rate": 2.990700999999999e-05, "momentum": 0.9, "_runtime": 157, "_timestamp": 1621430927, "_step": 300}