{"train/loss_rpn_cls": 0.04893975061054031, "train/loss_rpn_bbox": 0.03108370195705599, "train/s0.loss_cls": 0.27459959470977385, "train/s0.acc": 91.50830078125, "train/s0.loss_bbox": 0.26239069923758507, "train/s0.loss_mask": 0.2563398602232337, "train/s1.loss_cls": 0.1367604538798332, "train/s1.acc": 91.51730855305989, "train/s1.loss_bbox": 0.10357232104366024, "train/s1.loss_mask": 0.11372144812718034, "train/s2.loss_cls": 0.0664770106629779, "train/s2.acc": 91.6908529917399, "train/s2.loss_bbox": 0.03775628122811516, "train/s2.loss_mask": 0.051211066202570994, "train/loss": 1.382852186659972, "learning_rate": 0.0001, "momentum": 0.9, "_runtime": 3499, "_timestamp": 1621425386, "_step": 3129, "val/bbox_mAP": 0.331, "val/bbox_mAP_50": 0.441, "val/bbox_mAP_75": 0.347, "val/bbox_mAP_s": 0.143, "val/bbox_mAP_m": 0.328, "val/bbox_mAP_l": 0.489}