{"train/loss_rpn_cls": 0.05440744105862298, "train/loss_rpn_bbox": 0.032594412905503606, "train/s0.loss_cls": 0.34581661557157833, "train/s0.acc": 89.98209635416667, "train/s0.loss_bbox": 0.29164454197511075, "train/s0.loss_mask": 0.28976295453806716, "train/s1.loss_cls": 0.1739625081109504, "train/s1.acc": 89.75873758951823, "train/s1.loss_bbox": 0.11271261506403486, "train/s1.loss_mask": 0.12747809551035363, "train/s2.loss_cls": 0.08257178721018135, "train/s2.acc": 90.13155804951985, "train/s2.loss_bbox": 0.03980017949050913, "train/s2.loss_mask": 0.05759335768719514, "train/loss": 1.6083445174495379, "train/grad_norm": 9.59094894806544, "learning_rate": 0.0001, "momentum": 0.9, "_runtime": 953, "_timestamp": 1621428783, "_step": 1500}