{"train/loss_rpn_cls": 0.052599327320543426, "train/loss_rpn_bbox": 0.03315572770506454, "train/loss_semantic_seg": 0.178166367970407, "train/s0.loss_cls": 0.4016596123079459, "train/s0.acc": 89.21956380208333, "train/s0.loss_bbox": 0.22563841183980307, "train/s0.loss_mask": 0.3102837993701299, "train/s1.loss_cls": 0.18318089144925276, "train/s1.acc": 90.75044924418131, "train/s1.loss_bbox": 0.15163791743417582, "train/s1.loss_mask": 0.14202179657916228, "train/s2.loss_cls": 0.09665032107383013, "train/s2.acc": 92.3359809366862, "train/s2.loss_bbox": 0.06696679294109345, "train/s2.loss_mask": 0.06052677933126688, "train/loss": 1.9024877403179805, "learning_rate": 4.259700077186896e-05, "momentum": 0.9, "_runtime": 1674, "_timestamp": 1621348883, "_step": 1280, "val/bbox_mAP": 0.069, "val/bbox_mAP_50": 0.147, "val/bbox_mAP_75": 0.058, "val/bbox_mAP_s": 0.02, "val/bbox_mAP_m": 0.07, "val/bbox_mAP_l": 0.125}