{"train/loss_rpn_cls": 0.02259667743181732, "train/loss_rpn_bbox": 0.02345891956492172, "train/s0.loss_cls": 0.1333651703906556, "train/s0.acc": 95.30143229166667, "train/s0.loss_bbox": 0.2083340594358742, "train/s0.loss_mask": 0.17194176449129978, "train/s1.loss_cls": 0.057087294696054114, "train/s1.acc": 95.97269109090169, "train/s1.loss_bbox": 0.0873581685932974, "train/s1.loss_mask": 0.0764728303377827, "train/s2.loss_cls": 0.028008006209080727, "train/s2.acc": 96.03145428975424, "train/s2.loss_bbox": 0.03531541054137051, "train/s2.loss_mask": 0.034937368240207434, "train/loss": 0.8788756677508354, "learning_rate": 9.86735687200642e-08, "momentum": 0.9, "_runtime": 37297, "_timestamp": 1621387174, "_step": 34001, "val/bbox_mAP": 0.362, "val/bbox_mAP_50": 0.463, "val/bbox_mAP_75": 0.37, "val/bbox_mAP_s": 0.101, "val/bbox_mAP_m": 0.343, "val/bbox_mAP_l": 0.598}