{"train/loss_rpn_cls": 0.05889641954097897, "train/loss_rpn_bbox": 0.03316027666752537, "train/s0.loss_cls": 0.35566899393995605, "train/s0.acc": 89.72835286458333, "train/s0.loss_bbox": 0.3000450492898623, "train/s0.loss_mask": 0.3240310268849134, "train/s1.loss_cls": 0.17613403521478177, "train/s1.acc": 89.7612724049886, "train/s1.loss_bbox": 0.11756415552149216, "train/s1.loss_mask": 0.1461857816328605, "train/s2.loss_cls": 0.08282097008700172, "train/s2.acc": 90.35427421569824, "train/s2.loss_bbox": 0.04075238921058675, "train/s2.loss_mask": 0.06276401360829671, "train/loss": 1.6980231144030888, "learning_rate": 0.0001, "momentum": 0.9, "_runtime": 1124, "_timestamp": 1621356397, "_step": 681, "val/bbox_mAP": 0.191, "val/bbox_mAP_50": 0.268, "val/bbox_mAP_75": 0.197, "val/bbox_mAP_s": 0.074, "val/bbox_mAP_m": 0.208, "val/bbox_mAP_l": 0.283}