{"train/loss_rpn_cls": 0.02345499902497977, "train/loss_rpn_bbox": 0.02294103513258354, "train/s0.loss_cls": 0.13685905516768496, "train/s0.acc": 95.21663411458333, "train/s0.loss_bbox": 0.20728737150629362, "train/s0.loss_mask": 0.17453321026017268, "train/s1.loss_cls": 0.05943920855526812, "train/s1.acc": 95.87539319356283, "train/s1.loss_bbox": 0.08604809977424642, "train/s1.loss_mask": 0.0773232092615217, "train/s2.loss_cls": 0.028987568137429965, "train/s2.acc": 95.92778818766276, "train/s2.loss_bbox": 0.03440110730628172, "train/s2.loss_mask": 0.03508203048724681, "train/loss": 0.8863568957646688, "learning_rate": 9.86735687200642e-08, "momentum": 0.9, "_runtime": 44454, "_timestamp": 1621475536, "_step": 42151, "val/bbox_mAP": 0.701, "val/bbox_mAP_50": 0.826, "val/bbox_mAP_75": 0.734, "val/bbox_mAP_s": 0.47, "val/bbox_mAP_m": 0.72, "val/bbox_mAP_l": 0.899}