{"train/loss_rpn_cls": 0.026852402651469067, "train/loss_rpn_bbox": 0.0247395048069302, "train/s0.loss_cls": 0.15247590930821994, "train/s0.acc": 94.740234375, "train/s0.loss_bbox": 0.21441982868748408, "train/s0.loss_mask": 0.1852403338253498, "train/s1.loss_cls": 0.0684527931176126, "train/s1.acc": 95.30668459574382, "train/s1.loss_bbox": 0.08871348301880061, "train/s1.loss_mask": 0.08132435674468676, "train/s2.loss_cls": 0.033623479929713845, "train/s2.acc": 95.31166783650716, "train/s2.loss_bbox": 0.03520764778833836, "train/s2.loss_mask": 0.036655533406883475, "train/loss": 0.9477052745968103, "learning_rate": 1.0000000000000002e-06, "momentum": 0.9, "_runtime": 35053, "_timestamp": 1621488855, "_step": 33150, "val/bbox_mAP": 0.379, "val/bbox_mAP_50": 0.472, "val/bbox_mAP_75": 0.389, "val/bbox_mAP_s": 0.103, "val/bbox_mAP_m": 0.357, "val/bbox_mAP_l": 0.565}