{"train/loss_rpn_cls": 0.02325680839276174, "train/loss_rpn_bbox": 0.023820869565048877, "train/s0.loss_cls": 0.12892771191584568, "train/s0.acc": 95.45198567708333, "train/s0.loss_bbox": 0.20641068576524654, "train/s0.loss_mask": 0.17188258628050487, "train/s1.loss_cls": 0.05439666536035171, "train/s1.acc": 96.16992937723795, "train/s1.loss_bbox": 0.08572357368034621, "train/s1.loss_mask": 0.0756820003905644, "train/s2.loss_cls": 0.026729276586459794, "train/s2.acc": 96.2332716623942, "train/s2.loss_bbox": 0.03453233941768607, "train/s2.loss_mask": 0.034468556954525414, "train/loss": 0.8658310716847578, "learning_rate": 5.0356667899603235e-08, "momentum": 0.9, "_runtime": 14745, "_timestamp": 1621411696, "_step": 47601, "val/bbox_mAP": 0.361, "val/bbox_mAP_50": 0.467, "val/bbox_mAP_75": 0.367, "val/bbox_mAP_s": 0.104, "val/bbox_mAP_m": 0.347, "val/bbox_mAP_l": 0.602}