{"train/loss_rpn_cls": 0.022932150992758884, "train/loss_rpn_bbox": 0.02454093540911951, "train/s0.loss_cls": 0.1412309136024366, "train/s0.acc": 95.15755208333333, "train/s0.loss_bbox": 0.20627775222683947, "train/s0.loss_mask": 0.1764360649200777, "train/s1.loss_cls": 0.05920391996934389, "train/s1.acc": 96.00735371907552, "train/s1.loss_bbox": 0.08447552788071334, "train/s1.loss_mask": 0.07737121365964413, "train/s2.loss_cls": 0.02814409054912782, "train/s2.acc": 96.19858792622884, "train/s2.loss_bbox": 0.034033981002867225, "train/s2.loss_mask": 0.03552905807892481, "train/loss": 0.8901756065090497, "learning_rate": 1.0000000000000002e-06, "momentum": 0.9, "_runtime": 35435, "_timestamp": 1621391936, "_step": 34001, "val/bbox_mAP": 0.354, "val/bbox_mAP_50": 0.452, "val/bbox_mAP_75": 0.37, "val/bbox_mAP_s": 0.101, "val/bbox_mAP_m": 0.337, "val/bbox_mAP_l": 0.592}