{"train/loss_rpn_cls": 0.025564809234783752, "train/loss_rpn_bbox": 0.02434379728899027, "train/s0.loss_cls": 0.14734464663546532, "train/s0.acc": 94.91715494791667, "train/s0.loss_bbox": 0.20940883279467623, "train/s0.loss_mask": 0.18143435251588622, "train/s1.loss_cls": 0.06483686911776507, "train/s1.acc": 95.5684757232666, "train/s1.loss_bbox": 0.08712112449109555, "train/s1.loss_mask": 0.07969710831530392, "train/s2.loss_cls": 0.03167524075620653, "train/s2.acc": 95.60537943522135, "train/s2.loss_bbox": 0.03502512708771974, "train/s2.loss_mask": 0.036231872912806766, "train/loss": 0.9226837773124377, "learning_rate": 1.0000000000000002e-06, "momentum": 0.9, "_runtime": 42028, "_timestamp": 1621472472, "_step": 39361, "val/bbox_mAP": 0.372, "val/bbox_mAP_50": 0.469, "val/bbox_mAP_75": 0.382, "val/bbox_mAP_s": 0.096, "val/bbox_mAP_m": 0.339, "val/bbox_mAP_l": 0.592}